{
  "cardboard": {
    "precision": 0.8904109589041096,
    "recall": 0.8024691358024691,
    "f1-score": 0.8441558441558441,
    "support": 81.0
  },
  "glass": {
    "precision": 0.7954545454545454,
    "recall": 0.693069306930693,
    "f1-score": 0.7407407407407407,
    "support": 101.0
  },
  "metal": {
    "precision": 0.6826923076923077,
    "recall": 0.8658536585365854,
    "f1-score": 0.7634408602150538,
    "support": 82.0
  },
  "paper": {
    "precision": 0.8846153846153846,
    "recall": 0.773109243697479,
    "f1-score": 0.8251121076233184,
    "support": 119.0
  },
  "plastic": {
    "precision": 0.8072289156626506,
    "recall": 0.6907216494845361,
    "f1-score": 0.7444444444444445,
    "support": 97.0
  },
  "trash": {
    "precision": 0.39285714285714285,
    "recall": 0.7857142857142857,
    "f1-score": 0.5238095238095238,
    "support": 28.0
  },
  "accuracy": 0.7618110236220472,
  "macro avg": {
    "precision": 0.7422098758643568,
    "recall": 0.7684895466943414,
    "f1-score": 0.7402839201648209,
    "support": 508.0
  },
  "weighted avg": {
    "precision": 0.7933374046878329,
    "recall": 0.7618110236220472,
    "f1-score": 0.7694088726654041,
    "support": 508.0
  }
}